review_id,product_id,client_id,rating,comment
1,1017,9,4,Usually decade reason travel just figure no seek.
2,1011,31,2,Represent crime itself left.
3,1016,10,4,Heart language party firm.
4,1018,19,5,Simple purpose series reduce above science.
5,1007,12,4,Buy ability whether customer lose indeed.
6,1020,45,5,Military business compare clearly.
7,1005,26,1,One ten down population son according.
8,1005,10,2,Each clearly worry city understand without.
9,1002,42,3,Send power culture camera hospital note expect huge.
10,1014,38,3,Involve class when by fear state.
11,1012,34,4,Which live tonight opportunity.
12,1014,12,4,Over identify student suggest item student fast.
13,1019,2,4,Everything particularly somebody certainly dog play expert.
14,1002,26,3,Too early fire each could war brother.
15,1002,15,4,Keep name seven program.
16,1017,16,4,Region big cover.
17,1019,28,2,Record future office draw.
18,1018,49,5,Want democratic generation character concern.
19,1019,48,3,Herself table white family discuss me today.
20,1006,30,5,Main face fact buy finally own guy.
21,1018,45,1,Yard conference true push.
22,1001,42,5,Approach other doctor manage size within.
23,1006,45,4,Which dark subject wind develop much.
24,1007,9,3,Already ready onto similar else sell.
25,1019,3,2,Product hope easy court near style character share.
26,1016,37,4,Serious herself exist food particular send run.
27,1014,27,1,Drop as push movie window more.
28,1009,30,1,Against process dinner guy remember.
29,1016,3,5,Lawyer stuff enter consider subject.
30,1004,18,5,Type agreement imagine account brother white fill.
31,1007,17,3,Sign child sea international.
32,1005,7,2,Option week fast push.
33,1011,47,5,Type middle create not.
34,1008,37,4,Politics senior hear.
35,1018,18,3,Once want return wide.
36,1001,44,5,They deep place name fight.
37,1020,13,3,Turn free see term event for happen.
38,1013,40,5,Necessary threat author.
39,1013,33,1,Plan three energy have year stage.
40,1012,44,4,Reveal live hundred hundred house later education.
41,1007,46,4,Test difference young whose station.
42,1008,9,1,Gun could maintain traditional child tell ahead computer.
43,1004,46,1,Audience whole price president whatever top ever.
44,1013,3,3,Sign hair be peace.
45,1007,4,3,Ask for everything born.
46,1013,40,4,Beyond total me manage fish financial.
47,1012,10,1,Safe time decision us office risk because.
48,1015,26,2,Other it too that always debate us beyond.
49,1008,22,1,Join hard every.
50,1008,16,4,Can standard ago simple option myself.
51,1018,37,3,Report blood move over pattern.
52,1017,45,4,Still represent describe part audience for remember.
53,1005,42,2,And contain memory artist.
54,1007,23,4,Join mind enough consumer lot play.
55,1012,6,1,Stock her art mention list conference current light.
56,1002,49,4,If return whether enough difference than garden.
57,1017,9,1,Hold court field hear.
58,1016,14,4,Foreign away huge development worker along.
59,1020,34,1,Current they pretty sure least.
60,1020,45,3,Political home first begin very compare.
61,1015,26,4,History return simple culture.
62,1011,44,3,Drug community into will rock foreign.
63,1007,13,3,Age break into game table behind because.
64,1015,38,5,Health actually factor save everyone fall.
65,1017,24,1,Any sort buy eye.
66,1004,16,1,Generation item culture they together sound those both.
67,1004,43,5,Six factor drive cup.
68,1017,23,1,By election around plan boy.
69,1011,50,4,Program feeling mind create.
70,1016,6,4,Stay number either than bill especially.
71,1006,17,5,Total action institution about affect.
72,1004,38,5,Community hotel professor method citizen best.
73,1001,40,2,Former assume explain environment half policy.
74,1002,22,3,Officer region remain weight.
75,1019,1,2,Think summer account task up large whom trial.
76,1009,19,5,Her service cultural stock difference strong.
77,1005,21,5,Second house fund nothing shoulder.
78,1003,43,4,Cover decision budget seven.
79,1015,12,4,Rise treatment he agency agree cut pay career.
80,1016,32,3,Drug ten impact box on so tough.
81,1004,11,1,Within rather service kind window.
82,1010,9,3,Sign last value whom trouble.
83,1019,39,1,Leg however his different.
84,1012,29,1,Wrong customer option be attorney soldier.
85,1020,7,3,Simple we article course read heart maybe.
86,1015,5,1,Suggest by shoulder as artist book.
87,1019,47,1,Sort rich throughout near first.
88,1004,17,2,Bank natural democratic stay plant art enough.
89,1007,13,4,Son interview eat mention memory within.
90,1011,13,2,Market receive lawyer follow amount century provide.
91,1007,25,4,Kind option image compare these learn.
92,1011,44,5,Buy like choose nor away song end.
93,1004,33,5,Part person cut speech office.
94,1014,42,5,Else forget single Mr magazine good daughter teacher.
95,1017,41,1,Writer thousand agency my its believe get.
96,1013,3,2,Them year adult.
97,1016,8,2,Ago successful part lay look feeling blood big.
98,1009,34,1,Form it next control.
99,1007,21,2,Late fund spring never.
100,1012,2,3,Successful teach focus whose baby they require.
